question_id,year,branch,subject,topic,difficulty,marks,question_text
Q0001,2019,Civil,Civil Core,Structural Analysis,Medium,1,"[Civil Core - Structural Analysis] GATE 2019 style question (1 mark, Medium)"
Q0002,2016,Electrical,Electrical Core,Power Electronics,Medium,2,"[Electrical Core - Power Electronics] GATE 2016 style question (2 mark, Medium)"
Q0003,2018,Common,General Aptitude,Reading Comprehension,Medium,2,"[General Aptitude - Reading Comprehension] GATE 2018 style question (2 mark, Medium)"
Q0004,2025,Mechanical,Mechanical Core,Theory of Machines,Medium,2,"[Mechanical Core - Theory of Machines] GATE 2025 style question (2 mark, Medium)"
Q0005,2015,Mechanical,Mechanical Core,Strength of Materials,Medium,1,"[Mechanical Core - Strength of Materials] GATE 2015 style question (1 mark, Medium)"
Q0006,2018,CSE,CSE Core,Algorithms,Easy,2,"[CSE Core - Algorithms] GATE 2018 style question (2 mark, Easy)"
Q0007,2020,CSE,CSE Core,Operating Systems,Easy,2,"[CSE Core - Operating Systems] GATE 2020 style question (2 mark, Easy)"
Q0008,2023,Common,General Aptitude,Quantitative Reasoning,Hard,1,"[General Aptitude - Quantitative Reasoning] GATE 2023 style question (1 mark, Hard)"
Q0009,2019,CSE,CSE Core,Computer Networks,Hard,2,"[CSE Core - Computer Networks] GATE 2019 style question (2 mark, Hard)"
Q0010,2016,CSE,CSE Core,Algorithms,Medium,1,"[CSE Core - Algorithms] GATE 2016 style question (1 mark, Medium)"
Q0011,2018,Electrical,Electrical Core,Electric Circuits,Medium,1,"[Electrical Core - Electric Circuits] GATE 2018 style question (1 mark, Medium)"
Q0012,2017,Mechanical,Mechanical Core,Strength of Materials,Medium,2,"[Mechanical Core - Strength of Materials] GATE 2017 style question (2 mark, Medium)"
Q0013,2025,Civil,Civil Core,Concrete Technology,Medium,1,"[Civil Core - Concrete Technology] GATE 2025 style question (1 mark, Medium)"
Q0014,2017,Common,Engineering Mathematics,Differential Equations,Medium,2,"[Engineering Mathematics - Differential Equations] GATE 2017 style question (2 mark, Medium)"
Q0015,2018,ECE,ECE Core,Electromagnetics,Hard,2,"[ECE Core - Electromagnetics] GATE 2018 style question (2 mark, Hard)"
Q0016,2015,Electrical,Electrical Core,Power Systems,Medium,2,"[Electrical Core - Power Systems] GATE 2015 style question (2 mark, Medium)"
Q0017,2020,Common,General Aptitude,Analytical Reasoning,Hard,1,"[General Aptitude - Analytical Reasoning] GATE 2020 style question (1 mark, Hard)"
Q0018,2022,CSE,CSE Core,Theory of Computation,Medium,1,"[CSE Core - Theory of Computation] GATE 2022 style question (1 mark, Medium)"
Q0019,2024,Common,Engineering Mathematics,Discrete Mathematics,Hard,2,"[Engineering Mathematics - Discrete Mathematics] GATE 2024 style question (2 mark, Hard)"
Q0020,2017,CSE,CSE Core,Algorithms,Medium,2,"[CSE Core - Algorithms] GATE 2017 style question (2 mark, Medium)"
Q0021,2017,Electrical,Electrical Core,Electric Circuits,Medium,1,"[Electrical Core - Electric Circuits] GATE 2017 style question (1 mark, Medium)"
Q0022,2021,CSE,CSE Core,Data Structures,Medium,2,"[CSE Core - Data Structures] GATE 2021 style question (2 mark, Medium)"
Q0023,2023,Mechanical,Mechanical Core,Strength of Materials,Medium,1,"[Mechanical Core - Strength of Materials] GATE 2023 style question (1 mark, Medium)"
Q0024,2019,Common,General Aptitude,Analytical Reasoning,Easy,2,"[General Aptitude - Analytical Reasoning] GATE 2019 style question (2 mark, Easy)"
Q0025,2015,Mechanical,Mechanical Core,Manufacturing Processes,Hard,2,"[Mechanical Core - Manufacturing Processes] GATE 2015 style question (2 mark, Hard)"
Q0026,2016,Electrical,Electrical Core,Power Electronics,Hard,2,"[Electrical Core - Power Electronics] GATE 2016 style question (2 mark, Hard)"
Q0027,2017,Mechanical,Mechanical Core,Fluid Mechanics,Medium,2,"[Mechanical Core - Fluid Mechanics] GATE 2017 style question (2 mark, Medium)"
Q0028,2015,Mechanical,Mechanical Core,Machine Design,Easy,2,"[Mechanical Core - Machine Design] GATE 2015 style question (2 mark, Easy)"
Q0029,2019,Common,General Aptitude,Numerical Ability,Easy,1,"[General Aptitude - Numerical Ability] GATE 2019 style question (1 mark, Easy)"
Q0030,2016,ECE,ECE Core,Analog Electronics,Hard,2,"[ECE Core - Analog Electronics] GATE 2016 style question (2 mark, Hard)"
Q0031,2017,ECE,ECE Core,Electromagnetics,Medium,1,"[ECE Core - Electromagnetics] GATE 2017 style question (1 mark, Medium)"
Q0032,2019,ECE,ECE Core,Digital Electronics,Hard,2,"[ECE Core - Digital Electronics] GATE 2019 style question (2 mark, Hard)"
Q0033,2023,CSE,CSE Core,Algorithms,Medium,1,"[CSE Core - Algorithms] GATE 2023 style question (1 mark, Medium)"
Q0034,2025,CSE,CSE Core,Theory of Computation,Medium,2,"[CSE Core - Theory of Computation] GATE 2025 style question (2 mark, Medium)"
Q0035,2018,Mechanical,Mechanical Core,Thermodynamics,Easy,1,"[Mechanical Core - Thermodynamics] GATE 2018 style question (1 mark, Easy)"
Q0036,2018,Common,General Aptitude,Analytical Reasoning,Medium,2,"[General Aptitude - Analytical Reasoning] GATE 2018 style question (2 mark, Medium)"
Q0037,2015,Common,General Aptitude,Data Interpretation,Easy,1,"[General Aptitude - Data Interpretation] GATE 2015 style question (1 mark, Easy)"
Q0038,2016,Common,General Aptitude,Numerical Ability,Easy,2,"[General Aptitude - Numerical Ability] GATE 2016 style question (2 mark, Easy)"
Q0039,2023,Civil,Civil Core,Geotechnical Engineering,Medium,1,"[Civil Core - Geotechnical Engineering] GATE 2023 style question (1 mark, Medium)"
Q0040,2022,ECE,ECE Core,Electromagnetics,Medium,1,"[ECE Core - Electromagnetics] GATE 2022 style question (1 mark, Medium)"
Q0041,2016,Electrical,Electrical Core,Power Systems,Medium,1,"[Electrical Core - Power Systems] GATE 2016 style question (1 mark, Medium)"
Q0042,2022,CSE,CSE Core,DBMS,Medium,1,"[CSE Core - DBMS] GATE 2022 style question (1 mark, Medium)"
Q0043,2015,ECE,ECE Core,Analog Electronics,Medium,2,"[ECE Core - Analog Electronics] GATE 2015 style question (2 mark, Medium)"
Q0044,2018,Electrical,Electrical Core,Electric Circuits,Easy,1,"[Electrical Core - Electric Circuits] GATE 2018 style question (1 mark, Easy)"
Q0045,2017,Mechanical,Mechanical Core,Manufacturing Processes,Medium,2,"[Mechanical Core - Manufacturing Processes] GATE 2017 style question (2 mark, Medium)"
Q0046,2022,ECE,ECE Core,Analog Electronics,Easy,2,"[ECE Core - Analog Electronics] GATE 2022 style question (2 mark, Easy)"
Q0047,2015,Civil,Civil Core,Surveying,Hard,1,"[Civil Core - Surveying] GATE 2015 style question (1 mark, Hard)"
Q0048,2021,Electrical,Electrical Core,Power Systems,Medium,2,"[Electrical Core - Power Systems] GATE 2021 style question (2 mark, Medium)"
Q0049,2017,ECE,ECE Core,Analog Electronics,Easy,2,"[ECE Core - Analog Electronics] GATE 2017 style question (2 mark, Easy)"
Q0050,2022,CSE,CSE Core,Computer Organization,Medium,2,"[CSE Core - Computer Organization] GATE 2022 style question (2 mark, Medium)"
Q0051,2025,ECE,ECE Core,Electromagnetics,Easy,2,"[ECE Core - Electromagnetics] GATE 2025 style question (2 mark, Easy)"
Q0052,2024,CSE,CSE Core,Data Structures,Easy,2,"[CSE Core - Data Structures] GATE 2024 style question (2 mark, Easy)"
Q0053,2024,CSE,CSE Core,Data Structures,Medium,2,"[CSE Core - Data Structures] GATE 2024 style question (2 mark, Medium)"
Q0054,2015,Electrical,Electrical Core,Power Systems,Easy,2,"[Electrical Core - Power Systems] GATE 2015 style question (2 mark, Easy)"
Q0055,2025,Common,Engineering Mathematics,Calculus,Medium,1,"[Engineering Mathematics - Calculus] GATE 2025 style question (1 mark, Medium)"
Q0056,2018,ECE,ECE Core,Electromagnetics,Medium,2,"[ECE Core - Electromagnetics] GATE 2018 style question (2 mark, Medium)"
Q0057,2025,Civil,Civil Core,Environmental Engineering,Medium,2,"[Civil Core - Environmental Engineering] GATE 2025 style question (2 mark, Medium)"
Q0058,2018,CSE,CSE Core,Operating Systems,Easy,2,"[CSE Core - Operating Systems] GATE 2018 style question (2 mark, Easy)"
Q0059,2025,CSE,CSE Core,Theory of Computation,Medium,2,"[CSE Core - Theory of Computation] GATE 2025 style question (2 mark, Medium)"
Q0060,2015,ECE,ECE Core,Analog Electronics,Medium,2,"[ECE Core - Analog Electronics] GATE 2015 style question (2 mark, Medium)"
Q0061,2016,Mechanical,Mechanical Core,Thermodynamics,Medium,2,"[Mechanical Core - Thermodynamics] GATE 2016 style question (2 mark, Medium)"
Q0062,2016,Common,Engineering Mathematics,Numerical Methods,Medium,1,"[Engineering Mathematics - Numerical Methods] GATE 2016 style question (1 mark, Medium)"
Q0063,2024,Common,Engineering Mathematics,Discrete Mathematics,Easy,2,"[Engineering Mathematics - Discrete Mathematics] GATE 2024 style question (2 mark, Easy)"
Q0064,2025,Electrical,Electrical Core,Control Systems,Hard,1,"[Electrical Core - Control Systems] GATE 2025 style question (1 mark, Hard)"
Q0065,2016,Common,General Aptitude,Verbal Ability,Easy,2,"[General Aptitude - Verbal Ability] GATE 2016 style question (2 mark, Easy)"
Q0066,2020,CSE,CSE Core,Algorithms,Medium,1,"[CSE Core - Algorithms] GATE 2020 style question (1 mark, Medium)"
Q0067,2022,Electrical,Electrical Core,Power Electronics,Hard,2,"[Electrical Core - Power Electronics] GATE 2022 style question (2 mark, Hard)"
Q0068,2025,Electrical,Electrical Core,Electric Circuits,Hard,2,"[Electrical Core - Electric Circuits] GATE 2025 style question (2 mark, Hard)"
Q0069,2017,Common,General Aptitude,Numerical Ability,Easy,2,"[General Aptitude - Numerical Ability] GATE 2017 style question (2 mark, Easy)"
Q0070,2021,Mechanical,Mechanical Core,Theory of Machines,Easy,2,"[Mechanical Core - Theory of Machines] GATE 2021 style question (2 mark, Easy)"
Q0071,2017,Common,General Aptitude,Data Interpretation,Easy,2,"[General Aptitude - Data Interpretation] GATE 2017 style question (2 mark, Easy)"
Q0072,2017,CSE,CSE Core,Computer Networks,Easy,2,"[CSE Core - Computer Networks] GATE 2017 style question (2 mark, Easy)"
Q0073,2015,CSE,CSE Core,Computer Organization,Easy,2,"[CSE Core - Computer Organization] GATE 2015 style question (2 mark, Easy)"
Q0074,2020,Common,Engineering Mathematics,Calculus,Hard,2,"[Engineering Mathematics - Calculus] GATE 2020 style question (2 mark, Hard)"
Q0075,2017,CSE,CSE Core,Computer Networks,Hard,1,"[CSE Core - Computer Networks] GATE 2017 style question (1 mark, Hard)"
Q0076,2021,ECE,ECE Core,Digital Electronics,Easy,1,"[ECE Core - Digital Electronics] GATE 2021 style question (1 mark, Easy)"
Q0077,2025,ECE,ECE Core,Communication Systems,Easy,1,"[ECE Core - Communication Systems] GATE 2025 style question (1 mark, Easy)"
Q0078,2021,Electrical,Electrical Core,Electric Circuits,Hard,1,"[Electrical Core - Electric Circuits] GATE 2021 style question (1 mark, Hard)"
Q0079,2020,Common,Engineering Mathematics,Vector Calculus,Hard,2,"[Engineering Mathematics - Vector Calculus] GATE 2020 style question (2 mark, Hard)"
Q0080,2015,ECE,ECE Core,Digital Electronics,Medium,1,"[ECE Core - Digital Electronics] GATE 2015 style question (1 mark, Medium)"
Q0081,2019,Common,Engineering Mathematics,Calculus,Medium,2,"[Engineering Mathematics - Calculus] GATE 2019 style question (2 mark, Medium)"
Q0082,2023,CSE,CSE Core,Computer Organization,Hard,2,"[CSE Core - Computer Organization] GATE 2023 style question (2 mark, Hard)"
Q0083,2017,Common,General Aptitude,Numerical Ability,Hard,2,"[General Aptitude - Numerical Ability] GATE 2017 style question (2 mark, Hard)"
Q0084,2024,Common,Engineering Mathematics,Calculus,Easy,2,"[Engineering Mathematics - Calculus] GATE 2024 style question (2 mark, Easy)"
Q0085,2024,Electrical,Electrical Core,Electrical Machines,Easy,2,"[Electrical Core - Electrical Machines] GATE 2024 style question (2 mark, Easy)"
Q0086,2019,ECE,ECE Core,Digital Electronics,Medium,1,"[ECE Core - Digital Electronics] GATE 2019 style question (1 mark, Medium)"
Q0087,2025,Common,General Aptitude,Analytical Reasoning,Medium,1,"[General Aptitude - Analytical Reasoning] GATE 2025 style question (1 mark, Medium)"
Q0088,2020,Common,General Aptitude,Data Interpretation,Easy,2,"[General Aptitude - Data Interpretation] GATE 2020 style question (2 mark, Easy)"
Q0089,2023,Electrical,Electrical Core,Control Systems,Hard,2,"[Electrical Core - Control Systems] GATE 2023 style question (2 mark, Hard)"
Q0090,2019,CSE,CSE Core,Theory of Computation,Easy,2,"[CSE Core - Theory of Computation] GATE 2019 style question (2 mark, Easy)"
Q0091,2025,CSE,CSE Core,DBMS,Medium,1,"[CSE Core - DBMS] GATE 2025 style question (1 mark, Medium)"
Q0092,2015,CSE,CSE Core,Computer Networks,Easy,2,"[CSE Core - Computer Networks] GATE 2015 style question (2 mark, Easy)"
Q0093,2024,Mechanical,Mechanical Core,Machine Design,Medium,2,"[Mechanical Core - Machine Design] GATE 2024 style question (2 mark, Medium)"
Q0094,2023,Mechanical,Mechanical Core,Fluid Mechanics,Medium,2,"[Mechanical Core - Fluid Mechanics] GATE 2023 style question (2 mark, Medium)"
Q0095,2025,ECE,ECE Core,Digital Electronics,Easy,1,"[ECE Core - Digital Electronics] GATE 2025 style question (1 mark, Easy)"
Q0096,2020,Civil,Civil Core,Surveying,Hard,1,"[Civil Core - Surveying] GATE 2020 style question (1 mark, Hard)"
Q0097,2018,Electrical,Electrical Core,Control Systems,Easy,1,"[Electrical Core - Control Systems] GATE 2018 style question (1 mark, Easy)"
Q0098,2024,Common,General Aptitude,Quantitative Reasoning,Medium,1,"[General Aptitude - Quantitative Reasoning] GATE 2024 style question (1 mark, Medium)"
Q0099,2018,ECE,ECE Core,Electromagnetics,Medium,2,"[ECE Core - Electromagnetics] GATE 2018 style question (2 mark, Medium)"
Q0100,2016,Common,Engineering Mathematics,Linear Algebra,Easy,2,"[Engineering Mathematics - Linear Algebra] GATE 2016 style question (2 mark, Easy)"
Q0101,2022,Electrical,Electrical Core,Power Electronics,Medium,1,"[Electrical Core - Power Electronics] GATE 2022 style question (1 mark, Medium)"
Q0102,2022,ECE,ECE Core,Analog Electronics,Hard,1,"[ECE Core - Analog Electronics] GATE 2022 style question (1 mark, Hard)"
Q0103,2024,Civil,Civil Core,Surveying,Hard,2,"[Civil Core - Surveying] GATE 2024 style question (2 mark, Hard)"
Q0104,2023,ECE,ECE Core,Electromagnetics,Hard,2,"[ECE Core - Electromagnetics] GATE 2023 style question (2 mark, Hard)"
Q0105,2022,Mechanical,Mechanical Core,Fluid Mechanics,Easy,2,"[Mechanical Core - Fluid Mechanics] GATE 2022 style question (2 mark, Easy)"
Q0106,2023,Common,Engineering Mathematics,Discrete Mathematics,Medium,2,"[Engineering Mathematics - Discrete Mathematics] GATE 2023 style question (2 mark, Medium)"
Q0107,2019,Common,Engineering Mathematics,Calculus,Easy,1,"[Engineering Mathematics - Calculus] GATE 2019 style question (1 mark, Easy)"
Q0108,2016,CSE,CSE Core,Computer Networks,Easy,1,"[CSE Core - Computer Networks] GATE 2016 style question (1 mark, Easy)"
Q0109,2018,CSE,CSE Core,Algorithms,Medium,1,"[CSE Core - Algorithms] GATE 2018 style question (1 mark, Medium)"
Q0110,2021,CSE,CSE Core,DBMS,Easy,1,"[CSE Core - DBMS] GATE 2021 style question (1 mark, Easy)"
Q0111,2024,CSE,CSE Core,Computer Organization,Hard,1,"[CSE Core - Computer Organization] GATE 2024 style question (1 mark, Hard)"
Q0112,2022,Electrical,Electrical Core,Electrical Machines,Hard,1,"[Electrical Core - Electrical Machines] GATE 2022 style question (1 mark, Hard)"
Q0113,2021,CSE,CSE Core,DBMS,Medium,2,"[CSE Core - DBMS] GATE 2021 style question (2 mark, Medium)"
Q0114,2018,Mechanical,Mechanical Core,Machine Design,Easy,2,"[Mechanical Core - Machine Design] GATE 2018 style question (2 mark, Easy)"
Q0115,2021,Mechanical,Mechanical Core,Thermodynamics,Hard,2,"[Mechanical Core - Thermodynamics] GATE 2021 style question (2 mark, Hard)"
Q0116,2022,Electrical,Electrical Core,Power Systems,Hard,1,"[Electrical Core - Power Systems] GATE 2022 style question (1 mark, Hard)"
Q0117,2024,Mechanical,Mechanical Core,Manufacturing Processes,Medium,2,"[Mechanical Core - Manufacturing Processes] GATE 2024 style question (2 mark, Medium)"
Q0118,2017,Common,General Aptitude,Quantitative Reasoning,Easy,2,"[General Aptitude - Quantitative Reasoning] GATE 2017 style question (2 mark, Easy)"
Q0119,2018,Common,Engineering Mathematics,Numerical Methods,Easy,2,"[Engineering Mathematics - Numerical Methods] GATE 2018 style question (2 mark, Easy)"
Q0120,2019,Electrical,Electrical Core,Electrical Machines,Easy,2,"[Electrical Core - Electrical Machines] GATE 2019 style question (2 mark, Easy)"
Q0121,2023,Common,General Aptitude,Verbal Ability,Hard,1,"[General Aptitude - Verbal Ability] GATE 2023 style question (1 mark, Hard)"
Q0122,2016,CSE,CSE Core,Theory of Computation,Hard,1,"[CSE Core - Theory of Computation] GATE 2016 style question (1 mark, Hard)"
Q0123,2015,ECE,ECE Core,Digital Electronics,Easy,2,"[ECE Core - Digital Electronics] GATE 2015 style question (2 mark, Easy)"
Q0124,2016,Common,General Aptitude,Data Interpretation,Hard,2,"[General Aptitude - Data Interpretation] GATE 2016 style question (2 mark, Hard)"
Q0125,2020,Mechanical,Mechanical Core,Strength of Materials,Medium,1,"[Mechanical Core - Strength of Materials] GATE 2020 style question (1 mark, Medium)"
Q0126,2017,ECE,ECE Core,Analog Electronics,Easy,2,"[ECE Core - Analog Electronics] GATE 2017 style question (2 mark, Easy)"
Q0127,2024,Common,General Aptitude,Numerical Ability,Medium,2,"[General Aptitude - Numerical Ability] GATE 2024 style question (2 mark, Medium)"
Q0128,2024,Electrical,Electrical Core,Electric Circuits,Easy,1,"[Electrical Core - Electric Circuits] GATE 2024 style question (1 mark, Easy)"
Q0129,2016,Electrical,Electrical Core,Power Electronics,Medium,2,"[Electrical Core - Power Electronics] GATE 2016 style question (2 mark, Medium)"
Q0130,2025,CSE,CSE Core,DBMS,Easy,2,"[CSE Core - DBMS] GATE 2025 style question (2 mark, Easy)"
Q0131,2021,Civil,Civil Core,Structural Analysis,Easy,2,"[Civil Core - Structural Analysis] GATE 2021 style question (2 mark, Easy)"
Q0132,2017,ECE,ECE Core,Communication Systems,Easy,2,"[ECE Core - Communication Systems] GATE 2017 style question (2 mark, Easy)"
Q0133,2019,Mechanical,Mechanical Core,Theory of Machines,Hard,2,"[Mechanical Core - Theory of Machines] GATE 2019 style question (2 mark, Hard)"
Q0134,2022,Mechanical,Mechanical Core,Manufacturing Processes,Hard,2,"[Mechanical Core - Manufacturing Processes] GATE 2022 style question (2 mark, Hard)"
Q0135,2018,Civil,Civil Core,Hydraulics,Easy,1,"[Civil Core - Hydraulics] GATE 2018 style question (1 mark, Easy)"
Q0136,2024,Mechanical,Mechanical Core,Manufacturing Processes,Medium,2,"[Mechanical Core - Manufacturing Processes] GATE 2024 style question (2 mark, Medium)"
Q0137,2020,CSE,CSE Core,DBMS,Medium,1,"[CSE Core - DBMS] GATE 2020 style question (1 mark, Medium)"
Q0138,2020,CSE,CSE Core,Operating Systems,Hard,2,"[CSE Core - Operating Systems] GATE 2020 style question (2 mark, Hard)"
Q0139,2023,Civil,Civil Core,Hydraulics,Medium,1,"[Civil Core - Hydraulics] GATE 2023 style question (1 mark, Medium)"
Q0140,2021,Common,Engineering Mathematics,Differential Equations,Hard,2,"[Engineering Mathematics - Differential Equations] GATE 2021 style question (2 mark, Hard)"
Q0141,2025,Common,Engineering Mathematics,Vector Calculus,Medium,2,"[Engineering Mathematics - Vector Calculus] GATE 2025 style question (2 mark, Medium)"
Q0142,2018,Common,General Aptitude,Numerical Ability,Medium,2,"[General Aptitude - Numerical Ability] GATE 2018 style question (2 mark, Medium)"
Q0143,2020,CSE,CSE Core,Computer Networks,Medium,2,"[CSE Core - Computer Networks] GATE 2020 style question (2 mark, Medium)"
Q0144,2023,CSE,CSE Core,Theory of Computation,Medium,2,"[CSE Core - Theory of Computation] GATE 2023 style question (2 mark, Medium)"
Q0145,2019,Mechanical,Mechanical Core,Strength of Materials,Easy,1,"[Mechanical Core - Strength of Materials] GATE 2019 style question (1 mark, Easy)"
Q0146,2023,Common,Engineering Mathematics,Calculus,Easy,1,"[Engineering Mathematics - Calculus] GATE 2023 style question (1 mark, Easy)"
Q0147,2024,Electrical,Electrical Core,Control Systems,Hard,2,"[Electrical Core - Control Systems] GATE 2024 style question (2 mark, Hard)"
Q0148,2019,ECE,ECE Core,Digital Electronics,Medium,1,"[ECE Core - Digital Electronics] GATE 2019 style question (1 mark, Medium)"
Q0149,2023,CSE,CSE Core,Theory of Computation,Medium,1,"[CSE Core - Theory of Computation] GATE 2023 style question (1 mark, Medium)"
Q0150,2019,ECE,ECE Core,Electromagnetics,Medium,1,"[ECE Core - Electromagnetics] GATE 2019 style question (1 mark, Medium)"
Q0151,2015,Electrical,Electrical Core,Electric Circuits,Easy,2,"[Electrical Core - Electric Circuits] GATE 2015 style question (2 mark, Easy)"
Q0152,2017,Mechanical,Mechanical Core,Strength of Materials,Easy,1,"[Mechanical Core - Strength of Materials] GATE 2017 style question (1 mark, Easy)"
Q0153,2016,ECE,ECE Core,Analog Electronics,Medium,2,"[ECE Core - Analog Electronics] GATE 2016 style question (2 mark, Medium)"
Q0154,2015,Civil,Civil Core,Concrete Technology,Easy,1,"[Civil Core - Concrete Technology] GATE 2015 style question (1 mark, Easy)"
Q0155,2016,Mechanical,Mechanical Core,Strength of Materials,Easy,1,"[Mechanical Core - Strength of Materials] GATE 2016 style question (1 mark, Easy)"
Q0156,2024,Electrical,Electrical Core,Power Electronics,Easy,2,"[Electrical Core - Power Electronics] GATE 2024 style question (2 mark, Easy)"
Q0157,2022,Mechanical,Mechanical Core,Manufacturing Processes,Hard,2,"[Mechanical Core - Manufacturing Processes] GATE 2022 style question (2 mark, Hard)"
Q0158,2024,ECE,ECE Core,Signals & Systems,Easy,2,"[ECE Core - Signals & Systems] GATE 2024 style question (2 mark, Easy)"
Q0159,2018,ECE,ECE Core,Analog Electronics,Easy,1,"[ECE Core - Analog Electronics] GATE 2018 style question (1 mark, Easy)"
Q0160,2017,Common,General Aptitude,Reading Comprehension,Easy,2,"[General Aptitude - Reading Comprehension] GATE 2017 style question (2 mark, Easy)"
Q0161,2024,Common,General Aptitude,Quantitative Reasoning,Easy,2,"[General Aptitude - Quantitative Reasoning] GATE 2024 style question (2 mark, Easy)"
Q0162,2022,Common,Engineering Mathematics,Discrete Mathematics,Medium,1,"[Engineering Mathematics - Discrete Mathematics] GATE 2022 style question (1 mark, Medium)"
Q0163,2025,ECE,ECE Core,Electromagnetics,Medium,1,"[ECE Core - Electromagnetics] GATE 2025 style question (1 mark, Medium)"
Q0164,2017,Mechanical,Mechanical Core,Theory of Machines,Hard,2,"[Mechanical Core - Theory of Machines] GATE 2017 style question (2 mark, Hard)"
Q0165,2019,Common,General Aptitude,Reading Comprehension,Medium,2,"[General Aptitude - Reading Comprehension] GATE 2019 style question (2 mark, Medium)"
Q0166,2022,Civil,Civil Core,Hydraulics,Medium,1,"[Civil Core - Hydraulics] GATE 2022 style question (1 mark, Medium)"
Q0167,2019,CSE,CSE Core,DBMS,Medium,2,"[CSE Core - DBMS] GATE 2019 style question (2 mark, Medium)"
Q0168,2015,Mechanical,Mechanical Core,Machine Design,Medium,2,"[Mechanical Core - Machine Design] GATE 2015 style question (2 mark, Medium)"
Q0169,2016,Civil,Civil Core,Structural Analysis,Hard,1,"[Civil Core - Structural Analysis] GATE 2016 style question (1 mark, Hard)"
Q0170,2024,Electrical,Electrical Core,Power Electronics,Hard,1,"[Electrical Core - Power Electronics] GATE 2024 style question (1 mark, Hard)"
Q0171,2024,Civil,Civil Core,Hydraulics,Medium,1,"[Civil Core - Hydraulics] GATE 2024 style question (1 mark, Medium)"
Q0172,2019,Common,Engineering Mathematics,Vector Calculus,Hard,1,"[Engineering Mathematics - Vector Calculus] GATE 2019 style question (1 mark, Hard)"
Q0173,2016,Mechanical,Mechanical Core,Manufacturing Processes,Easy,2,"[Mechanical Core - Manufacturing Processes] GATE 2016 style question (2 mark, Easy)"
Q0174,2016,CSE,CSE Core,Theory of Computation,Medium,1,"[CSE Core - Theory of Computation] GATE 2016 style question (1 mark, Medium)"
Q0175,2025,Civil,Civil Core,Hydraulics,Hard,2,"[Civil Core - Hydraulics] GATE 2025 style question (2 mark, Hard)"
Q0176,2016,Mechanical,Mechanical Core,Manufacturing Processes,Easy,2,"[Mechanical Core - Manufacturing Processes] GATE 2016 style question (2 mark, Easy)"
Q0177,2023,Common,General Aptitude,Quantitative Reasoning,Medium,1,"[General Aptitude - Quantitative Reasoning] GATE 2023 style question (1 mark, Medium)"
Q0178,2015,Mechanical,Mechanical Core,Manufacturing Processes,Medium,1,"[Mechanical Core - Manufacturing Processes] GATE 2015 style question (1 mark, Medium)"
Q0179,2025,Civil,Civil Core,Environmental Engineering,Medium,2,"[Civil Core - Environmental Engineering] GATE 2025 style question (2 mark, Medium)"
Q0180,2019,Common,Engineering Mathematics,Probability & Statistics,Hard,2,"[Engineering Mathematics - Probability & Statistics] GATE 2019 style question (2 mark, Hard)"
Q0181,2025,Mechanical,Mechanical Core,Thermodynamics,Hard,2,"[Mechanical Core - Thermodynamics] GATE 2025 style question (2 mark, Hard)"
Q0182,2023,Civil,Civil Core,Hydraulics,Medium,1,"[Civil Core - Hydraulics] GATE 2023 style question (1 mark, Medium)"
Q0183,2022,Common,General Aptitude,Verbal Ability,Medium,1,"[General Aptitude - Verbal Ability] GATE 2022 style question (1 mark, Medium)"
Q0184,2023,Common,Engineering Mathematics,Discrete Mathematics,Medium,2,"[Engineering Mathematics - Discrete Mathematics] GATE 2023 style question (2 mark, Medium)"
Q0185,2018,Mechanical,Mechanical Core,Manufacturing Processes,Medium,2,"[Mechanical Core - Manufacturing Processes] GATE 2018 style question (2 mark, Medium)"
Q0186,2023,CSE,CSE Core,Computer Networks,Hard,1,"[CSE Core - Computer Networks] GATE 2023 style question (1 mark, Hard)"
Q0187,2020,Common,Engineering Mathematics,Complex Variables,Medium,2,"[Engineering Mathematics - Complex Variables] GATE 2020 style question (2 mark, Medium)"
Q0188,2019,Common,General Aptitude,Data Interpretation,Medium,2,"[General Aptitude - Data Interpretation] GATE 2019 style question (2 mark, Medium)"
Q0189,2022,Civil,Civil Core,Geotechnical Engineering,Medium,2,"[Civil Core - Geotechnical Engineering] GATE 2022 style question (2 mark, Medium)"
Q0190,2023,CSE,CSE Core,Computer Organization,Medium,2,"[CSE Core - Computer Organization] GATE 2023 style question (2 mark, Medium)"
Q0191,2018,CSE,CSE Core,Algorithms,Medium,2,"[CSE Core - Algorithms] GATE 2018 style question (2 mark, Medium)"
Q0192,2015,ECE,ECE Core,Communication Systems,Medium,2,"[ECE Core - Communication Systems] GATE 2015 style question (2 mark, Medium)"
Q0193,2021,Civil,Civil Core,Environmental Engineering,Medium,1,"[Civil Core - Environmental Engineering] GATE 2021 style question (1 mark, Medium)"
Q0194,2024,Common,General Aptitude,Analytical Reasoning,Hard,2,"[General Aptitude - Analytical Reasoning] GATE 2024 style question (2 mark, Hard)"
Q0195,2016,ECE,ECE Core,Communication Systems,Hard,2,"[ECE Core - Communication Systems] GATE 2016 style question (2 mark, Hard)"
Q0196,2021,Common,General Aptitude,Reading Comprehension,Easy,1,"[General Aptitude - Reading Comprehension] GATE 2021 style question (1 mark, Easy)"
Q0197,2020,Electrical,Electrical Core,Control Systems,Hard,2,"[Electrical Core - Control Systems] GATE 2020 style question (2 mark, Hard)"
Q0198,2025,Civil,Civil Core,Hydraulics,Medium,2,"[Civil Core - Hydraulics] GATE 2025 style question (2 mark, Medium)"
Q0199,2022,CSE,CSE Core,Theory of Computation,Easy,2,"[CSE Core - Theory of Computation] GATE 2022 style question (2 mark, Easy)"
Q0200,2025,Common,General Aptitude,Data Interpretation,Hard,2,"[General Aptitude - Data Interpretation] GATE 2025 style question (2 mark, Hard)"
Q0201,2016,Electrical,Electrical Core,Electrical Machines,Medium,1,"[Electrical Core - Electrical Machines] GATE 2016 style question (1 mark, Medium)"
Q0202,2015,Civil,Civil Core,Structural Analysis,Hard,2,"[Civil Core - Structural Analysis] GATE 2015 style question (2 mark, Hard)"
Q0203,2021,CSE,CSE Core,Operating Systems,Easy,1,"[CSE Core - Operating Systems] GATE 2021 style question (1 mark, Easy)"
Q0204,2017,CSE,CSE Core,Theory of Computation,Medium,1,"[CSE Core - Theory of Computation] GATE 2017 style question (1 mark, Medium)"
Q0205,2024,Civil,Civil Core,Environmental Engineering,Medium,1,"[Civil Core - Environmental Engineering] GATE 2024 style question (1 mark, Medium)"
Q0206,2022,Civil,Civil Core,Geotechnical Engineering,Medium,2,"[Civil Core - Geotechnical Engineering] GATE 2022 style question (2 mark, Medium)"
Q0207,2019,Civil,Civil Core,Environmental Engineering,Easy,2,"[Civil Core - Environmental Engineering] GATE 2019 style question (2 mark, Easy)"
Q0208,2024,Mechanical,Mechanical Core,Strength of Materials,Medium,2,"[Mechanical Core - Strength of Materials] GATE 2024 style question (2 mark, Medium)"
Q0209,2022,Mechanical,Mechanical Core,Strength of Materials,Easy,2,"[Mechanical Core - Strength of Materials] GATE 2022 style question (2 mark, Easy)"
Q0210,2016,CSE,CSE Core,DBMS,Medium,1,"[CSE Core - DBMS] GATE 2016 style question (1 mark, Medium)"
Q0211,2019,CSE,CSE Core,Operating Systems,Hard,1,"[CSE Core - Operating Systems] GATE 2019 style question (1 mark, Hard)"
Q0212,2015,Civil,Civil Core,Hydraulics,Hard,2,"[Civil Core - Hydraulics] GATE 2015 style question (2 mark, Hard)"
Q0213,2024,Electrical,Electrical Core,Electric Circuits,Hard,2,"[Electrical Core - Electric Circuits] GATE 2024 style question (2 mark, Hard)"
Q0214,2024,ECE,ECE Core,Digital Electronics,Easy,2,"[ECE Core - Digital Electronics] GATE 2024 style question (2 mark, Easy)"
Q0215,2025,Common,Engineering Mathematics,Discrete Mathematics,Medium,1,"[Engineering Mathematics - Discrete Mathematics] GATE 2025 style question (1 mark, Medium)"
Q0216,2019,ECE,ECE Core,Analog Electronics,Easy,2,"[ECE Core - Analog Electronics] GATE 2019 style question (2 mark, Easy)"
Q0217,2016,CSE,CSE Core,Algorithms,Easy,2,"[CSE Core - Algorithms] GATE 2016 style question (2 mark, Easy)"
Q0218,2017,CSE,CSE Core,Algorithms,Hard,2,"[CSE Core - Algorithms] GATE 2017 style question (2 mark, Hard)"
Q0219,2019,CSE,CSE Core,Computer Networks,Easy,1,"[CSE Core - Computer Networks] GATE 2019 style question (1 mark, Easy)"
Q0220,2019,Electrical,Electrical Core,Electrical Machines,Hard,2,"[Electrical Core - Electrical Machines] GATE 2019 style question (2 mark, Hard)"
Q0221,2017,Mechanical,Mechanical Core,Thermodynamics,Hard,1,"[Mechanical Core - Thermodynamics] GATE 2017 style question (1 mark, Hard)"
Q0222,2023,Electrical,Electrical Core,Electrical Machines,Easy,2,"[Electrical Core - Electrical Machines] GATE 2023 style question (2 mark, Easy)"
Q0223,2023,CSE,CSE Core,Operating Systems,Medium,1,"[CSE Core - Operating Systems] GATE 2023 style question (1 mark, Medium)"
Q0224,2019,Civil,Civil Core,Concrete Technology,Medium,2,"[Civil Core - Concrete Technology] GATE 2019 style question (2 mark, Medium)"
Q0225,2016,Civil,Civil Core,Hydraulics,Medium,1,"[Civil Core - Hydraulics] GATE 2016 style question (1 mark, Medium)"
Q0226,2020,Civil,Civil Core,Surveying,Easy,2,"[Civil Core - Surveying] GATE 2020 style question (2 mark, Easy)"
Q0227,2019,Common,General Aptitude,Quantitative Reasoning,Easy,2,"[General Aptitude - Quantitative Reasoning] GATE 2019 style question (2 mark, Easy)"
Q0228,2019,Common,General Aptitude,Verbal Ability,Easy,2,"[General Aptitude - Verbal Ability] GATE 2019 style question (2 mark, Easy)"
Q0229,2021,Common,Engineering Mathematics,Probability & Statistics,Medium,2,"[Engineering Mathematics - Probability & Statistics] GATE 2021 style question (2 mark, Medium)"
Q0230,2021,ECE,ECE Core,Electromagnetics,Medium,2,"[ECE Core - Electromagnetics] GATE 2021 style question (2 mark, Medium)"
Q0231,2025,Common,Engineering Mathematics,Complex Variables,Hard,1,"[Engineering Mathematics - Complex Variables] GATE 2025 style question (1 mark, Hard)"
Q0232,2015,Civil,Civil Core,Hydraulics,Easy,2,"[Civil Core - Hydraulics] GATE 2015 style question (2 mark, Easy)"
Q0233,2020,Mechanical,Mechanical Core,Fluid Mechanics,Hard,1,"[Mechanical Core - Fluid Mechanics] GATE 2020 style question (1 mark, Hard)"
Q0234,2020,CSE,CSE Core,Theory of Computation,Medium,1,"[CSE Core - Theory of Computation] GATE 2020 style question (1 mark, Medium)"
Q0235,2022,Common,Engineering Mathematics,Calculus,Medium,1,"[Engineering Mathematics - Calculus] GATE 2022 style question (1 mark, Medium)"
Q0236,2015,Civil,Civil Core,Surveying,Medium,1,"[Civil Core - Surveying] GATE 2015 style question (1 mark, Medium)"
Q0237,2024,Common,Engineering Mathematics,Probability & Statistics,Easy,1,"[Engineering Mathematics - Probability & Statistics] GATE 2024 style question (1 mark, Easy)"
Q0238,2024,Electrical,Electrical Core,Power Systems,Hard,1,"[Electrical Core - Power Systems] GATE 2024 style question (1 mark, Hard)"
Q0239,2024,Common,Engineering Mathematics,Probability & Statistics,Medium,1,"[Engineering Mathematics - Probability & Statistics] GATE 2024 style question (1 mark, Medium)"
Q0240,2023,ECE,ECE Core,Digital Electronics,Medium,2,"[ECE Core - Digital Electronics] GATE 2023 style question (2 mark, Medium)"
Q0241,2017,Common,General Aptitude,Verbal Ability,Medium,1,"[General Aptitude - Verbal Ability] GATE 2017 style question (1 mark, Medium)"
Q0242,2020,Electrical,Electrical Core,Power Electronics,Easy,1,"[Electrical Core - Power Electronics] GATE 2020 style question (1 mark, Easy)"
Q0243,2021,Common,General Aptitude,Data Interpretation,Easy,2,"[General Aptitude - Data Interpretation] GATE 2021 style question (2 mark, Easy)"
Q0244,2020,Common,General Aptitude,Quantitative Reasoning,Medium,2,"[General Aptitude - Quantitative Reasoning] GATE 2020 style question (2 mark, Medium)"
Q0245,2024,Mechanical,Mechanical Core,Fluid Mechanics,Medium,1,"[Mechanical Core - Fluid Mechanics] GATE 2024 style question (1 mark, Medium)"
Q0246,2019,ECE,ECE Core,Electromagnetics,Medium,2,"[ECE Core - Electromagnetics] GATE 2019 style question (2 mark, Medium)"
Q0247,2021,Common,General Aptitude,Quantitative Reasoning,Medium,2,"[General Aptitude - Quantitative Reasoning] GATE 2021 style question (2 mark, Medium)"
Q0248,2016,Mechanical,Mechanical Core,Manufacturing Processes,Easy,1,"[Mechanical Core - Manufacturing Processes] GATE 2016 style question (1 mark, Easy)"
Q0249,2019,Common,General Aptitude,Reading Comprehension,Medium,2,"[General Aptitude - Reading Comprehension] GATE 2019 style question (2 mark, Medium)"
Q0250,2021,Mechanical,Mechanical Core,Strength of Materials,Medium,2,"[Mechanical Core - Strength of Materials] GATE 2021 style question (2 mark, Medium)"
Q0251,2021,Mechanical,Mechanical Core,Machine Design,Medium,1,"[Mechanical Core - Machine Design] GATE 2021 style question (1 mark, Medium)"
Q0252,2025,Common,General Aptitude,Data Interpretation,Medium,2,"[General Aptitude - Data Interpretation] GATE 2025 style question (2 mark, Medium)"
Q0253,2018,Common,Engineering Mathematics,Vector Calculus,Medium,2,"[Engineering Mathematics - Vector Calculus] GATE 2018 style question (2 mark, Medium)"
Q0254,2016,Mechanical,Mechanical Core,Manufacturing Processes,Medium,2,"[Mechanical Core - Manufacturing Processes] GATE 2016 style question (2 mark, Medium)"
Q0255,2017,Civil,Civil Core,Hydraulics,Easy,2,"[Civil Core - Hydraulics] GATE 2017 style question (2 mark, Easy)"
Q0256,2021,Electrical,Electrical Core,Electric Circuits,Medium,1,"[Electrical Core - Electric Circuits] GATE 2021 style question (1 mark, Medium)"
Q0257,2023,CSE,CSE Core,Algorithms,Medium,1,"[CSE Core - Algorithms] GATE 2023 style question (1 mark, Medium)"
Q0258,2025,Mechanical,Mechanical Core,Strength of Materials,Medium,1,"[Mechanical Core - Strength of Materials] GATE 2025 style question (1 mark, Medium)"
Q0259,2015,ECE,ECE Core,Communication Systems,Medium,2,"[ECE Core - Communication Systems] GATE 2015 style question (2 mark, Medium)"
Q0260,2023,CSE,CSE Core,Computer Networks,Easy,1,"[CSE Core - Computer Networks] GATE 2023 style question (1 mark, Easy)"
Q0261,2020,Mechanical,Mechanical Core,Thermodynamics,Medium,2,"[Mechanical Core - Thermodynamics] GATE 2020 style question (2 mark, Medium)"
Q0262,2018,Electrical,Electrical Core,Power Electronics,Hard,2,"[Electrical Core - Power Electronics] GATE 2018 style question (2 mark, Hard)"
Q0263,2024,ECE,ECE Core,Electromagnetics,Easy,2,"[ECE Core - Electromagnetics] GATE 2024 style question (2 mark, Easy)"
Q0264,2015,ECE,ECE Core,Signals & Systems,Easy,1,"[ECE Core - Signals & Systems] GATE 2015 style question (1 mark, Easy)"
Q0265,2020,Electrical,Electrical Core,Control Systems,Medium,1,"[Electrical Core - Control Systems] GATE 2020 style question (1 mark, Medium)"
Q0266,2021,Common,General Aptitude,Data Interpretation,Easy,1,"[General Aptitude - Data Interpretation] GATE 2021 style question (1 mark, Easy)"
Q0267,2016,Civil,Civil Core,Structural Analysis,Medium,2,"[Civil Core - Structural Analysis] GATE 2016 style question (2 mark, Medium)"
Q0268,2017,CSE,CSE Core,Operating Systems,Easy,2,"[CSE Core - Operating Systems] GATE 2017 style question (2 mark, Easy)"
Q0269,2024,CSE,CSE Core,Computer Networks,Hard,1,"[CSE Core - Computer Networks] GATE 2024 style question (1 mark, Hard)"
Q0270,2025,Common,Engineering Mathematics,Linear Algebra,Easy,1,"[Engineering Mathematics - Linear Algebra] GATE 2025 style question (1 mark, Easy)"
Q0271,2024,Civil,Civil Core,Environmental Engineering,Medium,2,"[Civil Core - Environmental Engineering] GATE 2024 style question (2 mark, Medium)"
Q0272,2020,Common,Engineering Mathematics,Calculus,Easy,2,"[Engineering Mathematics - Calculus] GATE 2020 style question (2 mark, Easy)"
Q0273,2022,Civil,Civil Core,Surveying,Medium,2,"[Civil Core - Surveying] GATE 2022 style question (2 mark, Medium)"
Q0274,2024,Common,General Aptitude,Quantitative Reasoning,Easy,1,"[General Aptitude - Quantitative Reasoning] GATE 2024 style question (1 mark, Easy)"
Q0275,2017,CSE,CSE Core,Algorithms,Easy,2,"[CSE Core - Algorithms] GATE 2017 style question (2 mark, Easy)"
Q0276,2021,Common,General Aptitude,Quantitative Reasoning,Easy,1,"[General Aptitude - Quantitative Reasoning] GATE 2021 style question (1 mark, Easy)"
Q0277,2023,Mechanical,Mechanical Core,Fluid Mechanics,Hard,2,"[Mechanical Core - Fluid Mechanics] GATE 2023 style question (2 mark, Hard)"
Q0278,2021,Electrical,Electrical Core,Electric Circuits,Medium,1,"[Electrical Core - Electric Circuits] GATE 2021 style question (1 mark, Medium)"
Q0279,2020,Mechanical,Mechanical Core,Thermodynamics,Medium,2,"[Mechanical Core - Thermodynamics] GATE 2020 style question (2 mark, Medium)"
Q0280,2021,CSE,CSE Core,Theory of Computation,Easy,2,"[CSE Core - Theory of Computation] GATE 2021 style question (2 mark, Easy)"
Q0281,2017,Common,General Aptitude,Numerical Ability,Medium,2,"[General Aptitude - Numerical Ability] GATE 2017 style question (2 mark, Medium)"
Q0282,2016,Civil,Civil Core,Hydraulics,Hard,2,"[Civil Core - Hydraulics] GATE 2016 style question (2 mark, Hard)"
Q0283,2023,Common,Engineering Mathematics,Complex Variables,Medium,1,"[Engineering Mathematics - Complex Variables] GATE 2023 style question (1 mark, Medium)"
Q0284,2018,CSE,CSE Core,Operating Systems,Medium,2,"[CSE Core - Operating Systems] GATE 2018 style question (2 mark, Medium)"
Q0285,2016,Common,General Aptitude,Data Interpretation,Medium,2,"[General Aptitude - Data Interpretation] GATE 2016 style question (2 mark, Medium)"
Q0286,2020,ECE,ECE Core,Signals & Systems,Easy,1,"[ECE Core - Signals & Systems] GATE 2020 style question (1 mark, Easy)"
Q0287,2017,Common,General Aptitude,Reading Comprehension,Easy,2,"[General Aptitude - Reading Comprehension] GATE 2017 style question (2 mark, Easy)"
Q0288,2017,Electrical,Electrical Core,Electric Circuits,Medium,2,"[Electrical Core - Electric Circuits] GATE 2017 style question (2 mark, Medium)"
Q0289,2022,Mechanical,Mechanical Core,Machine Design,Medium,2,"[Mechanical Core - Machine Design] GATE 2022 style question (2 mark, Medium)"
Q0290,2025,ECE,ECE Core,Signals & Systems,Easy,2,"[ECE Core - Signals & Systems] GATE 2025 style question (2 mark, Easy)"
Q0291,2025,Common,General Aptitude,Quantitative Reasoning,Medium,2,"[General Aptitude - Quantitative Reasoning] GATE 2025 style question (2 mark, Medium)"
Q0292,2023,Civil,Civil Core,Hydraulics,Easy,1,"[Civil Core - Hydraulics] GATE 2023 style question (1 mark, Easy)"
Q0293,2020,Mechanical,Mechanical Core,Thermodynamics,Easy,2,"[Mechanical Core - Thermodynamics] GATE 2020 style question (2 mark, Easy)"
Q0294,2024,ECE,ECE Core,Analog Electronics,Medium,2,"[ECE Core - Analog Electronics] GATE 2024 style question (2 mark, Medium)"
Q0295,2015,Mechanical,Mechanical Core,Machine Design,Hard,2,"[Mechanical Core - Machine Design] GATE 2015 style question (2 mark, Hard)"
Q0296,2020,Civil,Civil Core,Geotechnical Engineering,Medium,2,"[Civil Core - Geotechnical Engineering] GATE 2020 style question (2 mark, Medium)"
Q0297,2022,Common,Engineering Mathematics,Linear Algebra,Hard,1,"[Engineering Mathematics - Linear Algebra] GATE 2022 style question (1 mark, Hard)"
Q0298,2023,Electrical,Electrical Core,Electric Circuits,Easy,1,"[Electrical Core - Electric Circuits] GATE 2023 style question (1 mark, Easy)"
Q0299,2023,Civil,Civil Core,Environmental Engineering,Medium,2,"[Civil Core - Environmental Engineering] GATE 2023 style question (2 mark, Medium)"
Q0300,2021,CSE,CSE Core,Operating Systems,Medium,2,"[CSE Core - Operating Systems] GATE 2021 style question (2 mark, Medium)"
Q0301,2025,Civil,Civil Core,Structural Analysis,Easy,2,"[Civil Core - Structural Analysis] GATE 2025 style question (2 mark, Easy)"
Q0302,2021,Common,General Aptitude,Data Interpretation,Easy,2,"[General Aptitude - Data Interpretation] GATE 2021 style question (2 mark, Easy)"
Q0303,2017,Electrical,Electrical Core,Power Electronics,Easy,2,"[Electrical Core - Power Electronics] GATE 2017 style question (2 mark, Easy)"
Q0304,2019,Civil,Civil Core,Hydraulics,Easy,2,"[Civil Core - Hydraulics] GATE 2019 style question (2 mark, Easy)"
Q0305,2019,Civil,Civil Core,Structural Analysis,Medium,2,"[Civil Core - Structural Analysis] GATE 2019 style question (2 mark, Medium)"
Q0306,2025,Electrical,Electrical Core,Power Systems,Easy,2,"[Electrical Core - Power Systems] GATE 2025 style question (2 mark, Easy)"
Q0307,2020,Civil,Civil Core,Surveying,Medium,1,"[Civil Core - Surveying] GATE 2020 style question (1 mark, Medium)"
Q0308,2020,Common,Engineering Mathematics,Differential Equations,Medium,2,"[Engineering Mathematics - Differential Equations] GATE 2020 style question (2 mark, Medium)"
Q0309,2016,ECE,ECE Core,Digital Electronics,Hard,2,"[ECE Core - Digital Electronics] GATE 2016 style question (2 mark, Hard)"
Q0310,2023,Common,General Aptitude,Analytical Reasoning,Hard,1,"[General Aptitude - Analytical Reasoning] GATE 2023 style question (1 mark, Hard)"
Q0311,2017,ECE,ECE Core,Electromagnetics,Medium,2,"[ECE Core - Electromagnetics] GATE 2017 style question (2 mark, Medium)"
Q0312,2022,Common,Engineering Mathematics,Probability & Statistics,Medium,1,"[Engineering Mathematics - Probability & Statistics] GATE 2022 style question (1 mark, Medium)"
Q0313,2022,Civil,Civil Core,Geotechnical Engineering,Easy,2,"[Civil Core - Geotechnical Engineering] GATE 2022 style question (2 mark, Easy)"
Q0314,2018,Electrical,Electrical Core,Electrical Machines,Easy,2,"[Electrical Core - Electrical Machines] GATE 2018 style question (2 mark, Easy)"
Q0315,2018,ECE,ECE Core,Communication Systems,Medium,2,"[ECE Core - Communication Systems] GATE 2018 style question (2 mark, Medium)"
Q0316,2022,Civil,Civil Core,Environmental Engineering,Medium,2,"[Civil Core - Environmental Engineering] GATE 2022 style question (2 mark, Medium)"
Q0317,2017,Mechanical,Mechanical Core,Manufacturing Processes,Hard,1,"[Mechanical Core - Manufacturing Processes] GATE 2017 style question (1 mark, Hard)"
Q0318,2015,Common,General Aptitude,Numerical Ability,Hard,2,"[General Aptitude - Numerical Ability] GATE 2015 style question (2 mark, Hard)"
Q0319,2023,Mechanical,Mechanical Core,Thermodynamics,Medium,1,"[Mechanical Core - Thermodynamics] GATE 2023 style question (1 mark, Medium)"
Q0320,2022,Electrical,Electrical Core,Control Systems,Easy,2,"[Electrical Core - Control Systems] GATE 2022 style question (2 mark, Easy)"
